<?xml version="1.0" encoding="UTF-8"?>
<project-private xmlns="http://www.netbeans.org/ns/project-private/1">
    <editor-bookmarks xmlns="http://www.netbeans.org/ns/editor-bookmarks/2" lastBookmarkId="0"/>
    <open-files xmlns="http://www.netbeans.org/ns/projectui-open-files/2">
        <group>
            <file>file:/Users/madewael/Dropbox%20(Howest%20TI)/Teammap%20van%20Howest%20TI/Cursusmateriaal/S3%20-%20Secure%20Object%20Oriented%20Architectures/2016-2017/07%20Client%20Server/PokedexCS/src/be/howest/ti/pokedex/ui/WorldPanel.java</file>
            <file>file:/Users/madewael/Dropbox%20(Howest%20TI)/Teammap%20van%20Howest%20TI/Cursusmateriaal/S3%20-%20Secure%20Object%20Oriented%20Architectures/2016-2017/07%20Client%20Server/PokedexCS/src/be/howest/ti/pokedex/ui/PokemonSelectPanel.java</file>
        </group>
    </open-files>
</project-private>
